Coven #,curve_type,circulating_supply,bonding_curve_backing,ch_treasury,dao_treasury,buys,sales,target_supply,target_price,beyond_supply,beyond_price,linear_slope,quadratic_coefficient,exponential_coefficient,exponential_intercept
1,Quadratic,1,209.63693625598358,528.130253212396,68538.54532669742,17,16,379,5325,403,15975,13.523809523809524,0.03577727387251197,0.5689102564102564,-75963.17307692308
2,Quadratic,10,1379.366020402713,374.49227687870524,68538.54532669742,23,13,238,3425,255,10275,13.873417721518987,0.05853762751695775,0.8206541272313406,-42670.32167245717
3,Fixed,3,723,524.1749999999998,68538.54532669742,16,13,299,6025,319,18075,19.409395973154364,0.06513220125219585,0.9780844155844156,-80832.80844155845
4,Quadratic,4,697.0117319465198,604.8061055260948,68538.54532669742,25,21,443,4375,470,13125,9.502262443438914,0.02149833131999754,0.3557344391592471,-65122.70297190714
5,Linear,10,2141.103448275863,602.2965517241379,68538.54532669742,19,9,59,2150,67,6450,35.58620689655172,0.6135552913198573,4.334677419354839,-12431.854838709678
6,Fixed,7,196,86.09999999999997,68538.54532669742,24,17,263,700,281,2100,2.564885496183206,0.009789639298409184,0.14350143501435014,-9150.51250512505
7,Fixed,14,1274,204.74999999999991,68538.54532669742,22,8,411,2275,437,6825,5.326829268292683,0.012992266508030934,0.20685579196217493,-32497.458628841603
8,Fixed,16,688,141.8999999999999,68538.54532669742,30,14,315,1075,336,3225,3.286624203821656,0.010466956063126294,0.1577518526671069,-14478.701665566072
9,Fixed,9,981,384.2250000000003,68538.54532669742,28,19,655,2725,693,8175,4.0,0.0061162079510703364,0.10655353092985063,-42849.650035192
10,Fixed,3,129,119.32499999999992,68538.54532669742,20,17,162,1075,175,3225,6.409937888198757,0.03981327880868794,0.4936854190585534,-11721.819747416763
11,Linear,10,902.3287128712873,269.23900990099014,68538.54532669742,22,12,506,1950,536,5850,3.706930693069307,0.007340456817959024,0.125,-29928.125
12,Linear,8,810.0204778156998,306.0737201365187,68538.54532669742,20,12,294,2175,314,6525,7.126279863481229,0.02432177427809293,0.3589108910891089,-28637.14108910891
13,Quadratic,2,452.4117884870841,681.4000495037249,68538.54532669742,21,19,604,5675,639,17025,9.034825870646767,0.014983127480342896,0.2613100034534362,-89339.66904570047
14,Quadratic,4,961.6077061224488,723.8373028571428,68538.54532669742,22,18,526,6025,557,18075,11.017142857142858,0.020985034013605443,0.3595834203694309,-93085.1802393244
15,Quadratic,6,515.7649999999999,227.21137500000006,68538.54532669742,20,14,121,2175,132,6525,17.4,0.145,1.5755161173487866,-20512.432089822527
16,Quadratic,14,2054.000263146353,506.97789570632875,68538.54532669742,30,16,303,3625,323,10875,11.52317880794702,0.03815622121836761,0.5809294871794872,-49358.09294871795
17,Fixed,1,53,139.12499999999991,68538.54532669742,18,17,525,1325,556,3975,2.427480916030534,0.0046325971679972025,0.07922508894137344,-20428.30802116655
18,Fixed,6,114,48.44999999999998,68538.54532669742,20,14,649,475,686,1425,0.7037037037037037,0.0010859625057155922,0.019261572149794206,-7613.011191987186
19,Fixed,8,1776,732.5999999999995,68538.54532669742,26,18,81,5550,90,16650,66.6,0.8325,7.297830374753452,-41156.11439842209
20,Quadratic,5,239.12059993878182,116.83170339761247,68538.54532669742,18,13,100,1225,110,3675,11.878787878787879,0.11998775635139272,1.1778846153846154,-10319.447115384615
21,Fixed,16,1008,170.09999999999988,68538.54532669742,26,10,282,1575,301,4725,5.380782918149467,0.0191486936588949,0.2853519340519975,-20956.674064679773
22,Fixed,8,1048,294.74999999999983,68538.54532669742,19,11,523,3275,554,9825,6.022988505747127,0.01153829215660369,0.19654913728432108,-50281.495123780944
23,Fixed,3,609,532.8750000000003,68538.54532669742,19,16,128,5075,139,15225,38.36220472440945,0.30206460412920827,3.481989708404803,-51086.01200686106
24,Fixed,0,0,469.8000000000003,68538.54532669742,18,18,555,4350,588,13050,7.537906137184115,0.013606328767480353,0.2310572862720102,-66565.17807346028
25,Fixed,5,455,252.52499999999984,68538.54532669742,21,16,354,2275,377,6825,6.186968838526912,0.01752682390517539,0.27136637442595574,-31539.692550843916
26,Quadratic,6,880.0987654320986,420.2296296296295,68538.54532669742,22,16,379,3675,403,11025,9.333333333333334,0.024691358024691357,0.3926282051282051,-52425.28846153846
27,Quadratic,14,857.1211727110581,231.2250083605826,68538.54532669742,32,18,465,1525,493,4575,3.1551724137931036,0.006799940546967895,0.11394202032277347,-23006.261207411837
28,Fixed,15,1170,181.3499999999999,68538.54532669742,23,8,184,1950,198,5850,10.229508196721312,0.05589895189465197,0.7330827067669173,-22600.206766917294
29,Quadratic,15,3520.5643321707985,656.6607220284664,68538.54532669742,26,11,413,5825,439,17475,13.572815533980583,0.03294372702422471,0.5271493212669683,-83655.43438914027
30,Quadratic,16,3255.5091011446802,669.811090260837,68538.54532669742,30,14,220,4925,236,14775,21.589041095890412,0.09858009632826671,1.3560022026431717,-60110.22164096916
31,Fixed,18,1890,362.25,68538.54532669742,32,14,70,2625,78,7875,36.52173913043478,0.5293005671077504,4.49486301369863,-18775.04280821918
32,Fixed,4,144,113.40000000000008,68538.54532669742,23,19,313,900,334,2700,2.769230769230769,0.008875739644970414,0.132890365448505,-12036.07973421927
33,Quadratic,6,778.7440282735714,429.72864830305286,68538.54532669742,25,19,412,3250,438,9750,7.591240875912408,0.018470172447475446,0.294811320754717,-46549.82311320755
34,Linear,8,782.769230769231,387.13846153846157,68538.54532669742,22,14,118,1800,129,5400,14.76923076923077,0.126232741617357,1.3358070500927643,-16485.86270871985
35,Linear,6,520.6611570247934,223.57190082644627,68538.54532669742,18,12,364,2100,387,6300,5.553719008264463,0.015299501400177584,0.24380333197887039,-30025.721251523773
36,Linear,9,2613.9537572254344,1052.22225433526,68538.54532669742,25,16,174,5550,188,16650,30.797687861271676,0.1780213171171773,2.2023809523809526,-60365.05952380953
37,Quadratic,4,962.6976918746487,877.9600487896413,68538.54532669742,26,22,293,6075,313,18225,19.972602739726028,0.06839932445111653,1.005794701986755,-79683.07947019867
38,Quadratic,5,428.9042026800314,264.9792701055448,68538.54532669742,23,18,435,2150,462,6450,4.755760368663594,0.010957973199685701,0.17794330643492653,-31366.689426857025
39,Linear,4,855.6186252771618,713.7249445676275,68538.54532669742,19,15,452,6075,480,18225,12.931263858093127,0.028672425405971456,0.4665898617511521,-88829.84447004608
40,Linear,7,660.2340425531913,272.4813829787234,68538.54532669742,21,14,659,2275,697,6825,3.3191489361702127,0.005044299295091509,0.08843193656223276,-36012.844981730545
41,Fixed,5,655,304.5749999999998,68538.54532669742,18,13,313,3275,334,9825,10.076923076923077,0.03229783037475345,0.4835732742709487,-43797.95681063123
42,Quadratic,12,264.4758091609389,86.2160199834788,68538.54532669742,32,20,504,550,534,1650,1.0497017892644136,0.0020868822848199076,0.035392535392535396,-8404.629987129987
43,Linear,13,3679.3087885985747,855.3251187648453,68538.54532669742,27,14,422,5525,448,16575,12.598574821852731,0.02992535587138416,0.48963133640552997,-81257.74769585254
44,Quadratic,4,686.6091693532087,490.6644642344155,68538.54532669742,21,17,532,4300,564,12900,7.7740112994350286,0.01464032259780608,0.2456581352833638,-64966.01348263254
45,Quadratic,9,351.055823939882,102.69046593852836,68538.54532669742,22,13,622,975,658,2925,1.5072463768115942,0.0024271278209526477,0.042383933229003655,-15369.982394366198
46,Quadratic,1,152.08700328814004,516.6379827485247,68538.54532669742,23,22,746,3825,788,11475,4.928859060402685,0.006615918201882798,0.11889220440134278,-62163.14574785528
47,Linear,9,2159.454545454545,743.5110389610389,68538.54532669742,24,15,463,5350,491,16050,11.116883116883116,0.024062517569011076,0.40141056422569027,-80328.67647058824
48,Linear,13,2797.9571984435797,715.8487354085603,68538.54532669742,27,14,515,4375,546,13125,8.171206225680933,0.015897288376811154,0.2665326388254287,-66041.85704712296
49,Linear,12,1936.901408450704,735.7183098591546,68538.54532669742,29,17,285,3000,304,9000,10.140845070422536,0.03570720095219203,0.537971846140052,-40390.657222272035
50,Fixed,3,555,541.125,68538.54532669742,21,18,74,4625,83,13875,60.821917808219176,0.8331769562769751,6.630824372759856,-30710.663082437277
51,Fixed,5,1095,542.0250000000002,68538.54532669742,19,14,498,5475,528,16425,10.575452716297788,0.02127857689395933,0.3564453125,-82570.2001953125
52,Linear,3,403.20000000000005,612.6399999999998,68538.54532669742,15,12,181,5600,195,16800,29.866666666666667,0.16592592592592592,2.1390374331550803,-63704.812834224605
53,Linear,8,384.0,129.89999999999998,68538.54532669742,18,10,235,975,252,2925,4.0,0.017094017094017096,0.23650697392359005,-11975.175864160097
54,Quadratic,4,303.86974165091374,136.84482419659736,68538.54532669742,14,10,691,1900,731,5700,2.643478260869565,0.0038311279143037175,0.06690140845070422,-29951.760563380278
55,Linear,2,138.9882352941176,479.8252941176469,68538.54532669742,16,14,256,4475,274,13425,16.847058823529412,0.06606689734717416,0.9417087542087542,-56759.61174242424
56,Fixed,11,1265,336.375,68538.54532669742,25,14,437,2875,464,8625,6.330275229357798,0.014518979883848161,0.236888724096733,-42156.59889589256
57,Fixed,12,720,189.0,68538.54532669742,27,15,695,1500,735,4500,2.07492795389049,0.002989809731830677,0.052521008403361345,-23796.008403361346
58,Linear,5,819.3884297520663,564.5615702479341,68538.54532669742,21,16,364,4450,387,13350,11.768595041322314,0.032420372014662024,0.5166308701457015,-63625.93312822895
59,Linear,3,336.09356725146216,269.6421052631579,68538.54532669742,14,11,514,3200,545,9600,5.988304093567251,0.011673107394867937,0.19531846064638203,-48201.763969847714
60,Fixed,2,262,334.0499999999998,68538.54532669742,18,16,730,3275,772,9825,4.31275720164609,0.005915990674411647,0.10396825396825397,-51977.99285714286
61,Quadratic,3,547.5162465960977,343.5836146884789,68538.54532669742,14,11,443,4575,470,13725,9.936651583710407,0.02248111218034029,0.3719965849493841,-68099.74082205148
62,Fixed,12,1680,315.0,68538.54532669742,21,9,155,3500,168,10500,21.818181818181817,0.14167650531286896,1.6774502755811167,-36282.41073568176
63,Quadratic,10,2427.9076638965844,599.2853185595569,68538.54532669742,20,10,115,5950,126,17850,50.10526315789474,0.43951985226223456,4.526435907189045,-52875.56104982883
64,Linear,4,457.5670103092783,576.3463917525773,68538.54532669742,22,18,292,3800,312,11400,12.536082474226804,0.043079321217274244,0.6312292358803987,-49653.122923588046
65,Quadratic,6,299.8809551063392,112.61881596117301,68538.54532669742,18,12,628,1250,664,3750,1.9138755980861244,0.0030524331707912668,0.053832902670111975,-19913.27519379845
66,Linear,11,3643.698113207548,1052.133962264151,68538.54532669742,22,11,213,5700,229,17100,25.81132075471698,0.12175151299394803,1.6193181818181819,-67078.63636363637
67,Fixed,7,735,259.875,68538.54532669742,20,13,541,2625,573,7875,4.666666666666667,0.008641975308641974,0.14753821942446044,-40397.14478417266
68,Quadratic,1,223.21556235522885,489.9746739969686,68538.54532669742,15,14,562,5625,595,16875,9.62566844919786,0.01715805427664503,0.29515938606847697,-87267.85714285714
69,Linear,5,109.02439024390239,145.26219512195115,68538.54532669742,22,17,124,750,135,2250,5.853658536585366,0.04759071980963712,0.5305978068623983,-7277.4142200212245
70,Quadratic,3,397.6000079744361,309.5999978639902,68538.54532669742,17,14,420,3325,446,9975,7.6181384248210025,0.018181714617711224,0.29602920227920226,-48646.18278133903
71,Fixed,12,588,117.59999999999994,68538.54532669742,22,10,104,1225,114,3675,11.41747572815534,0.11084927891412952,1.1342592592592593,-10808.356481481482
72,Fixed,9,1755,541.125,68538.54532669742,23,14,636,4875,673,14625,7.3700787401574805,0.011606423212846426,0.20161707231332326,-76422.04398353977
73,Linear,7,604.8920539730135,245.29486506746608,68538.54532669742,20,13,668,2075,706,6225,2.9865067466266866,0.0044775213592604,0.07959950897652295,-33337.94594905632
74,Linear,3,39.836065573770725,666.6565573770492,68538.54532669742,13,10,62,4050,70,12150,63.73770491803279,1.0448804084923409,7.788461538461538,-24930.865384615383
75,Fixed,6,402,190.95000000000013,68538.54532669742,22,16,231,1675,248,5025,6.991304347826087,0.030396975425330812,0.41312122333210016,-20179.1127142681
76,Fixed,9,1746,421.9500000000002,68538.54532669742,19,10,263,4850,281,14550,17.770992366412212,0.06782821513897791,0.994259942599426,-63399.979499794994
77,Fixed,2,476,642.6000000000004,68538.54532669742,19,17,419,5950,445,17850,13.665071770334928,0.03269155925917447,0.5309655541674103,-86822.4254863466
78,Quadratic,5,116.1389413988657,70.71301984877124,68538.54532669742,20,15,93,625,103,1875,6.521739130434782,0.07088846880907372,0.6443298969072165,-4828.6082474226805
79,Quadratic,9,1999.6339942080642,580.5606983738027,68538.54532669742,21,12,135,5525,147,16575,39.582089552238806,0.2953887280017821,3.2886904761904763,-53526.72619047619
80,Linear,19,8708.446808510636,1347.9430851063826,68538.54532669742,28,9,236,6125,253,18375,25.02127659574468,0.10647351742870077,1.4796473003985988,-75588.52216451261
81,Fixed,9,1278,351.4499999999999,68538.54532669742,21,12,324,3550,345,10650,10.551083591331269,0.03266589347161384,0.5068894124366389,-49333.265510102094
82,Linear,10,1362.2197183098597,621.0912676056341,68538.54532669742,31,21,711,3150,752,9450,4.259154929577464,0.00599880975996826,0.10517353633495267,-49867.979666449646
83,Fixed,14,2338,425.8499999999998,68538.54532669742,24,10,224,4175,240,12525,17.973094170403588,0.08059683484485913,1.129599567099567,-51998.856872294375
84,Fixed,1,192,590.3999999999995,68538.54532669742,21,20,622,4800,658,14400,7.420289855072464,0.011948936964689958,0.20865936358894105,-75667.60563380281
85,Fixed,10,490,176.4000000000001,68538.54532669742,29,19,616,1225,652,3675,1.9121951219512194,0.003109260360896292,0.05375636299806916,-19107.000394944705
86,Fixed,3,177,146.025,68538.54532669742,18,15,329,1475,350,4425,4.317073170731708,0.013161808447352766,0.20749806569599774,-20848.47189983822
87,Fixed,18,2736,455.9999999999997,68538.54532669742,29,11,450,3800,478,11400,8.124721603563474,0.018095148337557848,0.2931194075902499,-55293.16568960197
88,Fixed,2,200,270.0,68538.54532669742,19,17,696,2500,736,7500,3.4532374100719423,0.004968686920966824,0.08741258741258741,-39722.46503496503
89,Fixed,1,15,30.375,68538.54532669742,14,13,435,375,462,1125,0.8294930875576036,0.0019112743952940177,0.031036623215394164,-5470.934202358783
90,Fixed,4,560,399.0,68538.54532669742,21,17,621,3500,657,10500,5.419354838709677,0.00874089490114464,0.1523859282479972,-55077.15081853013
91,Linear,6,882.0,497.7539614561028,68538.54532669742,21,15,468,3675,496,11025,7.554603854389722,0.016176881915181417,0.27286902286902287,-55834.73232848233
92,Fixed,12,396,74.25,68538.54532669742,21,9,440,825,467,2475,1.8041002277904328,0.004109567717062489,0.06752608962553713,-12188.695518723142
93,Linear,9,2557.1764705882347,1188.3529411764707,68538.54532669742,24,15,154,5200,167,15600,32.627450980392155,0.21325131359733435,2.5078369905956115,-53505.95611285267
94,Fixed,7,1120,516.0,68538.54532669742,25,18,266,4000,284,12000,14.49056603773585,0.0546813812744749,0.8110300081103001,-52954.58231954583
95,Quadratic,9,1070.9264088226953,392.6776926743793,68538.54532669742,26,17,198,2975,213,8925,14.49746192893401,0.07359117730423355,0.9698451507742462,-34663.72045639772
96,Linear,2,167.36623376623385,594.6818181818181,68538.54532669742,20,18,386,4450,410,13350,11.096103896103896,0.028821049080789342,0.46704450041981527,-64777.67107472711
97,Fixed,0,0,652.6499999999999,68538.54532669742,19,19,58,5725,66,17175,96.42105263157895,1.6915974145891044,11.73155737704918,-32390.82991803279
98,Linear,14,3178.80239520958,790.8323353293413,68538.54532669742,29,15,669,4750,707,14250,6.826347305389222,0.010219082792498835,0.1819505094614265,-76440.68413391558
99,Quadratic,11,176.82468254067348,45.25800546891582,68538.54532669742,24,13,284,400,303,1200,1.3568904593639577,0.00479466593414826,0.07197480881691408,-5364.3904633378315
100,Quadratic,3,317.4600007491665,230.69413215297976,68538.54532669742,16,13,567,2650,600,7950,4.4946996466431095,0.007941165453433055,0.13785927949018079,-41514.04734035636
101,Fixed,6,306,175.94999999999993,68538.54532669742,26,20,228,1275,244,3825,5.392070484581498,0.023753614469522018,0.3390957446808511,-16198.264627659573
102,Fixed,2,48,75.59999999999994,68538.54532669742,22,20,311,600,332,1800,1.8580645161290323,0.00599375650364204,0.08914642299977714,-7966.971250278582
103,Fixed,0,0,374.39999999999986,68538.54532669742,13,13,332,4800,354,14400,13.921450151057401,0.04205876178567191,0.6379585326953748,-65095.37480063796
104,Quadratic,20,2720.887837732006,453.6587407001329,68538.54532669742,32,12,566,3375,599,10125,5.734513274336283,0.010149581016524394,0.1758774329711561,-52769.4735402173
105,Quadratic,3,494.77777777777806,440.88816872427975,68538.54532669742,17,14,82,4575,91,13725,54.22222222222222,0.6694101508916324,5.94541910331384,-34432.89473684211
106,Fixed,6,786,412.6499999999997,68538.54532669742,24,18,710,3275,750,9825,4.43441466854725,0.006254463566357193,0.1123113854595336,-53181.79955418381
107,Quadratic,5,438.19178082191775,205.53445299305685,68538.54532669742,18,13,293,2200,313,6600,7.232876712328767,0.024770125727153314,0.36423841059602646,-28856.4238410596
108,Fixed,4,164,110.70000000000006,68538.54532669742,20,16,640,1025,677,3075,1.539906103286385,0.0024098687062384743,0.042133388140992704,-16178.94717911828
109,Quadratic,14,2701.4826666666672,551.9104,68538.54532669742,25,11,76,4000,85,12000,51.2,0.6826666666666666,5.590496156533892,-27446.540880503144
110,Linear,4,325.0169491525425,295.62711864406776,68538.54532669742,14,10,119,2550,130,7650,20.74576271186441,0.17581154840563057,1.8770702981229297,-23586.326831063674
111,Quadratic,1,160.1349195471619,401.3096940873329,68538.54532669742,17,16,383,4050,407,12150,10.178010471204189,0.026644006469120914,0.4282994923857868,-58449.17512690355
112,Fixed,0,0,348.59999999999985,68538.54532669742,14,14,319,4150,340,12450,12.528301886792454,0.03939717574463036,0.6015800536348481,-56684.18134377038
113,Linear,5,961.5323741007193,503.9206834532374,68538.54532669742,17,12,696,4875,736,14625,6.733812949640288,0.009688939495885306,0.17045454545454544,-77458.80681818181
114,Fixed,17,2516,566.1000000000005,68538.54532669742,34,17,416,3700,442,11100,8.559036144578313,0.0206241834809116,0.3324946081955428,-53563.88389647735
115,Fixed,20,4300,451.5,68538.54532669742,24,4,554,5375,587,16125,9.330922242314648,0.016873277110876397,0.2860031393832974,-82087.3340516668
116,Quadratic,2,343.74350016013074,311.91980085596987,68538.54532669742,13,11,322,4325,343,12975,12.934579439252337,0.04029463999767083,0.6212741506859154,-59691.70976082741
117,Linear,4,130.6260869565219,128.37391304347824,68538.54532669742,19,15,461,925,489,2775,1.9304347826086956,0.0041965973534971645,0.06969559975889089,-13822.588908981312
118,Linear,5,519.1344537815136,1218.4934873949578,68538.54532669742,24,19,120,4075,131,12225,32.87394957983193,0.27625167714144483,2.9755385177071925,-38061.60094925155
119,Quadratic,13,1240.4313105241708,279.75245250247434,68538.54532669742,26,13,455,2375,483,7125,5.022026431718062,0.01106173222845388,0.18124236874236874,-34981.95207570207
120,Fixed,6,1356,508.4999999999998,68538.54532669742,18,12,312,5650,333,16950,17.440514469453376,0.056078824660621786,0.8368510701325631,-75291.07235429164
121,Fixed,16,3504,492.7500000000002,68538.54532669742,23,7,527,5475,558,16425,9.992395437262358,0.018996949500498777,0.32615494593870076,-84764.24582253597
122,Fixed,6,582,247.35000000000014,68538.54532669742,20,14,654,2425,692,7275,3.565084226646248,0.005459547054588435,0.0949639724310777,-38068.49252036341
123,Fixed,6,594,267.3000000000002,68538.54532669742,21,15,89,2475,98,7425,27.0,0.3068181818181818,2.972972972972973,-20547.7027027027
124,Fixed,6,1272,731.3999999999994,68538.54532669742,26,20,111,5300,122,15900,46.25454545454546,0.42049586776859504,4.171585989767808,-45176.19047619047
125,Quadratic,10,400.207524784331,126.85169619336814,68538.54532669742,26,16,447,1000,474,3000,2.1524663677130045,0.004826157775141266,0.08060290976504252,-15033.208398823197
126,Linear,5,495.96116504854365,406.96601941747576,68538.54532669742,22,17,413,2700,439,8100,6.29126213592233,0.015270053727966821,0.24434389140271492,-38775.90950226244
127,Fixed,2,38,68.39999999999995,68538.54532669742,25,23,503,475,533,1425,0.9083665338645418,0.0018094950873795653,0.030625402965828497,-7242.724049000644
128,Fixed,12,1116,223.19999999999987,68538.54532669742,22,10,259,2325,277,6975,8.651162790697674,0.0335316387236344,0.4837702871410737,-29876.685393258427
129,Linear,12,745.0434782608696,172.68438735177858,68538.54532669742,23,11,507,1275,537,3825,2.41897233201581,0.004780577731256542,0.08157389635316699,-19610.854126679464
130,Linear,4,56.0,764.1,68538.54532669742,17,13,50,2450,58,7350,48.0,0.9795918367346939,5.778301886792453,-11423.702830188678
131,Fixed,13,2691,698.6249999999994,68538.54532669742,29,16,481,5175,510,15525,10.35,0.0215625,0.3608660785886127,-77968.54450681637
132,Quadratic,12,1759.5057279702114,308.1388496013693,68538.54532669742,20,8,448,3650,475,10950,7.8389261744966445,0.017536747593952226,0.2935617485020308,-55006.27940644228
133,Quadratic,10,680.9446874196037,112.51729175288865,68538.54532669742,16,6,599,1700,634,5100,2.729096989966555,0.004563707341081196,0.07891377509574098,-26519.881629337357
134,Fixed,5,440,204.59999999999988,68538.54532669742,18,13,313,2200,334,6600,6.769230769230769,0.021696252465483234,0.32484311554079,-29421.52823920266
135,Quadratic,1,191.5921539004779,535.8017046292616,68538.54532669742,19,18,474,4825,503,14475,9.792811839323468,0.02070361911062044,0.34129089301503096,-71531.67020335986
136,Linear,1,4.495774647887373,223.5878873239437,68538.54532669742,15,14,356,2100,379,6300,5.67887323943662,0.015996826026582027,0.2491250963876861,-29295.99027225814
137,Quadratic,2,209.0796040498325,350.5648086115398,68538.54532669742,23,21,327,2650,348,7950,7.803680981595092,0.02393767172268433,0.3750088445482205,-37204.43996320668
138,Quadratic,10,1116.263020833333,284.84459635416664,68538.54532669742,22,12,289,2775,308,8325,9.25,0.03211805555555555,0.4909332153914197,-37944.96461742592
139,Fixed,1,122,247.0500000000001,68538.54532669742,14,13,191,3050,206,9150,15.410526315789474,0.08110803324099723,1.029535864978903,-34116.2447257384
140,Fixed,6,420,147.0,68538.54532669742,17,11,114,1750,125,5250,14.867256637168142,0.13156864280679773,1.3425393172228615,-15392.884541618718
141,Quadratic,7,517.7671163270991,184.50363634873543,68538.54532669742,20,13,248,1850,265,5550,7.190283400809717,0.029110459112589946,0.4259237941752043,-24135.18475883504
142,Linear,6,504.0,267.3867674858223,68538.54532669742,21,15,530,2100,562,6300,3.8109640831758034,0.007204090894472218,0.12041284403669725,-31596.450688073397
143,Fixed,0,0,227.2499999999999,68538.54532669742,15,15,595,2525,630,7575,4.08080808080808,0.0068700472740876786,0.11797687186076393,-39101.4875598645
144,Fixed,8,928,278.39999999999986,68538.54532669742,20,12,424,2900,450,8700,6.581560283687943,0.015559244169475043,0.25582215949188425,-42874.00317572336
145,Linear,7,367.265306122449,118.59795918367342,68538.54532669742,17,10,197,1100,212,3300,5.387755102040816,0.027488546438983758,0.36036036036036034,-12743.603603603602
146,Linear,8,1738.0485175202157,514.0783018867925,68538.54532669742,19,11,372,4775,396,14325,12.355795148247978,0.033304030049185925,0.519473455178416,-66725.84584421237
147,Linear,14,2046.0,739.3499999999998,68538.54532669742,29,15,97,1550,107,4650,15.5,0.16145833333333334,1.5346534653465347,-12593.366336633664
148,Linear,12,1379.1601866251947,457.4183514774497,68538.54532669742,30,18,644,2500,681,7500,3.7325038880248833,0.005804827197550363,0.10214295928581643,-39730.90437376152
149,Quadratic,9,2188.9427218934907,747.8896153846155,68538.54532669742,25,16,586,6075,620,18225,9.96923076923077,0.017041420118343194,0.2968047684189955,-95499.01187219073
150,Fixed,8,784,235.19999999999987,68538.54532669742,20,12,239,2450,256,7350,9.882352941176471,0.04152249134948097,0.5846557690013124,-30667.24137931034
151,Quadratic,8,1392.6910925936716,443.9693801060543,68538.54532669742,21,13,656,4350,694,13050,6.37557251908397,0.009733698502418274,0.16984226143995002,-68516.57621427455
152,Linear,7,560.2857142857144,199.88809523809525,68538.54532669742,19,12,379,1850,403,5550,4.698412698412699,0.012429663223314017,0.19764957264957264,-26390.96153846154
153,Fixed,5,220,155.10000000000002,68538.54532669742,26,21,705,1100,745,3300,1.5,0.002130681818181818,0.03798342541436464,-17725.193370165747
154,Quadratic,14,2147.6058530148075,322.45323798249535,68538.54532669742,21,7,682,3825,721,11475,5.392070484581498,0.007917871489840671,0.14000988305056827,-61106.12337341459
155,Quadratic,7,1693.2672053984418,744.9123427709752,68538.54532669742,24,17,702,6050,742,18150,8.28530670470756,0.011819267767057861,0.20977808599167821,-97035.16123439667
156,Fixed,1,42,110.25000000000006,68538.54532669742,18,17,383,1050,407,3150,2.6387434554973823,0.006907705380883199,0.11104060913705584,-15153.489847715737
157,Fixed,1,197,605.7749999999995,68538.54532669742,21,20,130,4925,142,14775,36.651162790697676,0.2841175410131603,3.0401234567901234,-45665.694444444445
158,Linear,13,491.6049149338376,139.53076559546315,68538.54532669742,28,15,530,775,562,2325,1.4064272211720228,0.0026586525920076045,0.04443807339449541,-11660.59489678899
159,Fixed,3,153,126.22500000000007,68538.54532669742,18,15,750,1275,792,3825,1.6341789052069426,0.002181814292666145,0.03942486085343228,-20842.386363636364
160,Quadratic,8,121.31858661304221,43.67882792301063,68538.54532669742,23,15,119,375,130,1125,3.0508474576271185,0.02585463947141626,0.2760397497239602,-3468.577475156422
161,Quadratic,7,1254.4606158998376,389.9767998453025,68538.54532669742,18,11,344,4475,366,13425,12.524781341107872,0.036515397495941314,0.5746019517205958,-63126.345017976375
162,Quadratic,10,1701.8160681182644,459.76755584880743,68538.54532669742,23,13,619,4250,655,12750,6.601941747572815,0.010682753636849215,0.1856219426974144,-66643.47484276729
163,Fixed,8,552,175.95000000000007,68538.54532669742,21,13,456,1725,484,5175,3.6395604395604395,0.007999033933099867,0.1313585135546756,-25469.496268656716
164,Fixed,5,365,180.6749999999999,68538.54532669742,19,14,573,1825,607,5475,3.062937062937063,0.0053547850750647955,0.09113152901228404,-27991.77818835514
165,Fixed,13,572,122.09999999999992,68538.54532669742,25,12,279,1100,298,3300,3.7985611510791366,0.013663889032658765,0.20137299771167047,-14462.910755148741
166,Fixed,7,1659,693.2249999999996,68538.54532669742,23,16,397,5925,422,17775,14.363636363636363,0.03627180899908173,0.5801713586291309,-85055.1517747858
167,Linear,4,560.3830985915492,459.4411267605634,68538.54532669742,18,14,356,4050,379,12150,10.952112676056338,0.03085102162269391,0.4804555430333946,-56499.40981078355
168,Fixed,1,51,95.62500000000004,68538.54532669742,13,12,726,1275,767,3825,1.6882758620689655,0.002328656361474435,0.04171369681503656,-20650.76188840359
169,Quadratic,7,1385.7469760063452,520.2218024985128,68538.54532669742,21,14,739,4950,781,14850,6.439024390243903,0.008724965298433472,0.15527950310559005,-79622.04968944099
170,Quadratic,11,528.7245257128154,148.213788544209,68538.54532669742,26,15,530,1200,562,3600,2.1776937618147447,0.004116623368269839,0.06880733944954129,-18055.114678899085
171,Quadratic,13,2326.695969246425,609.6316171066763,68538.54532669742,29,16,267,4425,285,13275,15.969924812030076,0.060037311323421334,0.8939393939393939,-58826.57575757576
172,Quadratic,10,2261.4148832876135,611.424547797733,68538.54532669742,23,13,696,5650,736,16950,7.80431654676259,0.011229232441385021,0.19755244755244755,-89772.77097902098
173,Quadratic,8,1745.2315484452233,623.3479801300313,68538.54532669742,23,15,352,5450,375,16350,14.905982905982906,0.04246718776633306,0.6536731634182908,-75083.18740629686
174,Linear,13,1221.171875,381.60117187499986,68538.54532669742,30,17,513,1925,544,5775,3.609375,0.007049560546875,0.11771900321051827,-28934.330377618102
175,Fixed,14,3038,585.8999999999996,68538.54532669742,25,11,318,5425,339,16275,16.42902208201893,0.05182656808207863,0.7888040712468194,-73841.13231552164
176,Linear,3,371.5714285714289,477.96887755102046,68538.54532669742,20,17,589,3825,623,11475,6.244897959183674,0.01062057476051645,0.1859504132231405,-60466.239669421484
177,Quadratic,3,326.78816326530637,421.31103061224474,68538.54532669742,25,22,141,2925,153,8775,20.057142857142857,0.14326530612244898,1.6695205479452055,-29797.60273972603
178,Linear,3,456.4303797468355,781.3689873417717,68538.54532669742,17,14,238,6050,255,18150,24.50632911392405,0.10340223254820274,1.4496226189049959,-75373.85288127471
179,Quadratic,6,137.9060203140962,48.384753631373066,68538.54532669742,17,11,695,575,735,1725,0.7953890489913544,0.0011460937305350929,0.020133053221288517,-9121.803221288515
180,Fixed,7,315,138.375,68538.54532669742,24,17,551,1125,584,3375,1.9636363636363636,0.0035702479338842975,0.06017812725667977,-17078.88349514563
181,Quadratic,8,912.8188458729,257.0735390796202,68538.54532669742,19,11,445,2850,472,8550,6.162162162162162,0.013878743608473338,0.230722525804493,-42633.715846994535
182,Fixed,5,350,194.25,68538.54532669742,21,16,591,1750,626,5250,2.847457627118644,0.0048261993679977015,0.0823045267489712,-26900.205761316873
183,Linear,8,663.3731343283583,275.9462686567163,68538.54532669742,21,13,269,1775,287,5325,6.358208955223881,0.023724660280686122,0.35599679101484155,-23794.11351784998
184,Linear,6,469.0088495575221,331.0194690265487,68538.54532669742,19,13,114,1825,125,5475,15.504424778761061,0.13720729892708905,1.4000767165324128,-16052.57959340238
185,Fixed,6,672,386.39999999999975,68538.54532669742,26,20,67,2800,75,8400,40.72727272727273,0.6170798898071626,5.0,-18980.0
186,Quadratic,19,3876.020685714287,596.9480142857144,68538.54532669742,29,10,701,5075,741,15225,6.96,0.009942857142857142,0.1762152777777778,-81270.48611111112
187,Fixed,9,1791,641.7749999999999,68538.54532669742,26,17,361,4975,384,14925,13.266666666666667,0.03685185185185185,0.582245889168471,-70484.06723623384
188,Fixed,7,1722,645.7500000000001,68538.54532669742,21,14,125,6150,136,18450,47.61290322580645,0.3839750260145682,4.317304317304317,-60232.87118287118
189,Quadratic,5,788.933972872653,462.6558911920708,68538.54532669742,22,17,635,3950,672,11850,5.981072555205047,0.009433868383604176,0.16361188774981877,-61814.77995236615
190,Fixed,7,504,178.2000000000001,68538.54532669742,20,13,326,1800,347,5400,5.316923076923077,0.016359763313609468,0.25548222269533744,-25185.309772195018
191,Fixed,5,685,421.2749999999997,68538.54532669742,23,18,141,3425,153,10275,23.485714285714284,0.16775510204081634,1.9549086757990868,-34891.2100456621
192,Quadratic,15,3495.104036906167,576.3181691669928,68538.54532669742,24,9,584,5800,618,17400,9.550600343053173,0.01638181877024558,0.28431372549019607,-90835.10784313724
193,Quadratic,5,304.8515152744532,96.2464998580064,68538.54532669742,13,8,315,1525,336,4575,4.662420382165605,0.014848472554667532,0.22378751192310514,-20539.553525570474
194,Quadratic,6,1018.9759403348986,587.088834307433,68538.54532669742,26,20,502,4250,532,12750,8.1437125748503,0.016254915319062473,0.2745478036175711,-64661.773255813954
195,Linear,3,427.04524886877823,309.7184389140272,68538.54532669742,13,10,443,4075,470,12225,8.850678733031675,0.020024160029483425,0.3313412204740416,-60657.14619669066
196,Quadratic,11,554.6363636363636,179.2084710743801,68538.54532669742,29,18,221,1250,237,3750,5.454545454545454,0.024793388429752067,0.34265350877192985,-15334.429824561405
197,Linear,3,591.8181818181815,839.0454545454545,68538.54532669742,21,18,617,6125,653,18375,9.545454545454545,0.015495867768595042,0.26835786890991936,-95705.00350508236
198,Quadratic,5,209.7906976744186,109.01104651162794,68538.54532669742,19,14,130,1075,142,3225,8.0,0.06201550387596899,0.6635802469135802,-9967.638888888889
199,Fixed,7,539,271.4250000000001,68538.54532669742,27,20,443,1925,470,5775,4.180995475113122,0.009459265780798918,0.1565231532300687,-28653.989307639145
200,Linear,9,371.1115879828326,131.21105150214586,68538.54532669742,25,16,467,925,495,2775,1.905579399141631,0.004089226178415517,0.06882440476190477,-14020.63244047619
201,Quadratic,5,1024.8616780045356,451.23809523809496,68538.54532669742,17,12,253,5150,271,15450,19.61904761904762,0.07785336356764928,1.096211153682418,-64463.793103448275
202,Fixed,9,1638,368.5499999999999,68538.54532669742,18,9,221,4550,237,13650,19.854545454545455,0.09024793388429753,1.2472587719298245,-55817.324561403504
203,Linear,7,643.260162601626,262.9298780487804,68538.54532669742,21,14,739,2225,781,6675,2.894308943089431,0.0039218278361645405,0.06979735240604806,-35789.709203839644
204,Quadratic,15,2466.415938090737,431.7452224125708,68538.54532669742,25,10,737,4100,779,12300,5.3478260869565215,0.007266068052930057,0.12895514877020822,-65754.48826822672
205,Quadratic,6,1480.863756263634,705.0172575095152,68538.54532669742,22,16,332,6175,354,18525,17.909365558912388,0.05410684458885917,0.8207070707070707,-83742.48737373737
206,Linear,4,103.53652392947103,61.328463476070546,68538.54532669742,15,11,398,700,423,2100,1.6926952141057934,0.004263715904548598,0.06837606837606838,-10076.683760683762
207,Linear,6,63.83013698630137,40.345890410958894,68538.54532669742,24,18,366,275,389,825,0.7232876712328767,0.001981610058172265,0.03175702985160806,-3955.8303019804844
208,Quadratic,1,197.37225958598992,478.3251266486155,68538.54532669742,16,15,215,5125,231,15375,22.990654205607477,0.10743296357760503,1.4428490990990992,-60951.71734234235
209,Linear,9,1291.3693379790936,528.40531358885,68538.54532669742,25,16,288,3025,307,9075,10.118466898954704,0.03525598222632301,0.5369663619419544,-41204.382266796834
210,Linear,2,211.73252279635253,560.3772036474165,68538.54532669742,22,20,659,4050,697,12150,5.908814589665654,0.008979961382470598,0.15742828267122755,-64110.77897846536
211,Fixed,13,1378,405.44999999999965,68538.54532669742,32,19,663,2650,701,7950,3.8429003021148036,0.0058049853506265915,0.10240358605765515,-42227.757168251024
212,Linear,2,214.24657534246614,635.1780821917807,68538.54532669742,16,14,293,5750,313,17250,18.904109589041095,0.06474010133233252,0.9519867549668874,-75420.1986754967
213,Quadratic,5,244.6316078001409,136.20486138303707,68538.54532669742,21,16,679,1225,718,3675,1.7345132743362832,0.002558279165687733,0.045032625677786965,-19475.777502067824
214,Quadratic,2,231.83898982364514,351.6632638925888,68538.54532669742,21,19,412,2925,438,8775,6.8321167883211675,0.0166231552027279,0.2653301886792453,-41894.84080188679
215,Fixed,7,308,122.09999999999992,68538.54532669742,22,15,404,1100,429,3300,2.620347394540943,0.006502102715982489,0.10589651022864019,-16098.546329723224
216,Quadratic,15,1972.7077032136106,464.5322837901702,68538.54532669742,31,16,553,3275,586,9825,5.695652173913044,0.010318210459987398,0.1745689080781429,-49916.844567042455
217,Quadratic,7,612.9898666666668,279.2126399999999,68538.54532669742,21,14,76,2300,85,6900,29.44,0.39253333333333335,3.214535290006988,-15781.761006289307
218,Quadratic,4,575.1669564917959,302.7146226821164,68538.54532669742,16,12,483,3600,512,10800,7.170124481327801,0.014875776932215354,0.2500260443796229,-54487.050734451506
219,Fixed,9,1557,376.27500000000015,68538.54532669742,19,10,565,4325,598,12975,7.361702127659575,0.013052663346914139,0.22577193119828778,-67492.14822645055
220,Fixed,2,466,559.2000000000003,68538.54532669742,17,15,65,5825,73,17475,87.375,1.365234375,10.707720588235293,-38033.82352941176
221,Linear,2,191.41592920353992,97.07522123893806,68538.54532669742,7,5,679,2575,718,7725,3.646017699115044,0.005377607225833398,0.0946604172410624,-40938.87923904053
222,Fixed,8,1776,399.59999999999985,68538.54532669742,16,8,245,5550,262,16650,21.83606557377049,0.08949207202364956,1.2929528246942341,-71427.23937099593
223,Linear,5,807.4563106796116,307.8757281553397,68538.54532669742,14,9,516,4000,547,12000,7.456310679611651,0.014478273164294467,0.24322763065884284,-60510.048341491594
224,Quadratic,3,726.0246293863764,748.5895665227995,68538.54532669742,22,19,585,6075,619,18225,9.986301369863014,0.017099831112779133,0.2972986199471469,-95320.47812469413
225,Quadratic,1,125.88405325443796,409.80917973372783,68538.54532669742,22,21,521,3175,552,9525,5.861538461538461,0.011272189349112427,0.1912592994186922,-48541.51456281437
226,Fixed,13,2106,425.2499999999998,68538.54532669742,24,11,501,4050,531,12150,7.776,0.015552,0.2621359223300971,-61483.98058252427
227,Quadratic,2,351.68584518355436,290.4504891669288,68538.54532669742,12,10,687,4400,726,13200,6.1574344023323615,0.008975851898443675,0.15991568082283886,-70855.67973250468
228,Linear,12,4718.75,1244.53125,68538.54532669742,23,11,193,6250,208,18750,31.25,0.16276041666666666,2.0885547201336676,-70742.48120300753
229,Linear,20,5332.588235294118,808.3323529411764,68538.54532669742,29,9,409,4350,434,13050,10.235294117647058,0.025086505190311418,0.41379310344827586,-64531.6551724138
230,Linear,11,5537.628571428571,2004.6278571428566,68538.54532669742,25,14,71,5525,80,16575,75.77142857142857,1.0824489795918368,8.240119313944817,-34851.5846383296
231,Linear,14,4708.385542168674,978.0939759036144,68538.54532669742,25,11,333,5950,355,17850,17.204819277108435,0.051821744810567574,0.7884972170686456,-80961.3172541744
232,Quadratic,1,76.99608070837584,228.45060966758598,68538.54532669742,20,19,499,1950,529,5850,3.7590361445783134,0.007548265350558862,0.1267056530214425,-29473.508771929824
233,Quadratic,8,1221.0551776266066,468.6839002267575,68538.54532669742,24,16,127,3800,138,11400,28.952380952380953,0.22978080120937264,2.6270307639128934,-37906.740407881094
234,Fixed,0,0,378.0,68538.54532669742,18,18,91,3500,101,10500,37.333333333333336,0.4148148148148148,3.6842105263157894,-26342.105263157893
235,Quadratic,9,1233.67668517562,339.47305010330575,68538.54532669742,21,12,705,3425,745,10275,4.670454545454546,0.006634168388429752,0.11826657458563536,-55189.80662983425
236,Linear,7,1499.4883720930234,705.1667441860465,68538.54532669742,23,16,431,5150,458,15450,11.497674418604651,0.026738777717685236,0.43008058791598813,-74371.90070566621
237,Fixed,6,1344,537.6000000000001,68538.54532669742,19,13,94,5600,104,16800,57.806451612903224,0.6215747485258412,5.714285714285714,-43822.857142857145
238,Linear,6,282.00000000000006,140.82484472049683,68538.54532669742,21,15,645,1175,682,3525,1.7515527950310559,0.002719802476756298,0.0479347271800102,-18705.25701172871
239,Quadratic,3,290.67126340284864,254.70639608210286,68538.54532669742,19,16,720,2425,761,7275,3.2378303198887344,0.004503241056868893,0.07998153003842412,-38922.33175019377
240,Quadratic,10,1220.6448087431693,403.1204918032788,68538.54532669742,27,17,733,3050,775,9150,4.0,0.00546448087431694,0.0964396382723076,-48624.672737620946
241,Fixed,0,0,56.999999999999964,68538.54532669742,20,20,188,475,202,1425,2.4385026737967914,0.013040121250250222,0.17488954344624447,-5640.712444771722
242,Quadratic,8,456.00424023011317,145.64671010216225,68538.54532669742,21,13,569,1425,602,4275,2.408450704225352,0.004240230113072803,0.07387821759079244,-22409.88607201182
243,Quadratic,2,81.6474838041975,73.85287742937037,68538.54532669742,13,11,318,1025,339,3075,3.1041009463722395,0.009792116550070156,0.1490367139222101,-13951.550345328971
244,Fixed,3,669,518.4750000000003,68538.54532669742,17,14,483,5575,512,16725,11.103734439834025,0.023036793443639056,0.3871931103934438,-84379.25217904644
245,Linear,3,53.293193717277504,135.82107329842927,68538.54532669742,19,16,192,975,207,2925,4.900523560209424,0.025657191414709027,0.327455919395466,-10970.919395465995
246,Quadratic,12,1538.5266892799361,327.04142725960907,68538.54532669742,23,11,694,3200,734,9600,4.432900432900433,0.006396681721357046,0.11220196353436185,-50684.88078541374
247,Fixed,6,510,293.25,68538.54532669742,26,20,305,2125,325,6375,6.7105263157894735,0.02207409972299169,0.33837579617834396,-29146.337579617833
248,Fixed,3,351,324.67499999999995,68538.54532669742,20,17,191,2925,206,8775,14.778947368421052,0.07778393351800554,0.9873417721518988,-32718.037974683546
249,Linear,3,211.30434782608683,591.6521739130434,68538.54532669742,19,16,185,4050,199,12150,21.130434782608695,0.11483931947069943,1.5145848915482423,-47227.78608825729
250,Quadratic,10,954.2573864763041,303.81915526472346,68538.54532669742,26,16,247,2375,264,7125,9.268292682926829,0.03767598651596272,0.5489425632728534,-30844.808159019994
251,Quadratic,12,2187.873071649658,328.34771799903115,68538.54532669742,18,6,699,4550,739,13650,6.257879656160458,0.008965443633467705,0.15842618384401114,-72635.87047353761
252,Linear,6,1590.6315789473686,506.5815789473684,68538.54532669742,14,8,134,5475,146,16425,39.5187969924812,0.2971338119735429,3.2823741007194243,-52586.9154676259
253,Fixed,8,1504,423.00000000000017,68538.54532669742,19,11,342,4700,364,14100,13.2316715542522,0.038802555877572434,0.6069214876033058,-65873.4375
254,Linear,6,623.3390928725704,323.1152267818574,68538.54532669742,20,14,464,2575,492,7725,5.339092872570195,0.011531518083304956,0.19279724468403714,-38754.75254567236
255,Fixed,9,1251,510.8250000000004,68538.54532669742,29,20,741,3475,783,10425,4.508108108108108,0.006092037983929876,0.10872285839434329,-56061.63725674238
256,Fixed,8,144,54.000000000000036,68538.54532669742,24,16,243,450,260,1350,1.7851239669421488,0.007376545317942763,0.1056710109193378,-5738.517083480098
257,Fixed,2,118,177.00000000000009,68538.54532669742,21,19,607,1475,642,4425,2.3366336633663365,0.0038558311276672224,0.0675907893229465,-23346.771107801582
258,Fixed,0,0,333.00000000000006,68538.54532669742,15,15,218,3700,234,11100,16.368663594470046,0.0754316294676039,1.0277777777777777,-44697.027777777774
259,Quadratic,3,25.398100803506214,27.647005113221333,68538.54532669742,19,16,75,250,84,750,3.2432432432432434,0.04382761139517896,0.35385704175513094,-1687.721160651097
260,Fixed,7,1610,569.25,68538.54532669742,20,13,515,5750,546,17250,10.73929961089494,0.020893579009523232,0.3503000395991349,-86797.86926193305
261,Linear,9,1048.235294117647,408.7866873065016,68538.54532669742,26,17,647,2700,684,8100,4.012383900928793,0.006211120589673053,0.10981636263803307,-43128.12519065341
262,Fixed,6,714,374.85000000000025,68538.54532669742,24,18,573,2975,607,8925,4.993006993006993,0.00872903320455768,0.14855687606112053,-45630.43293718166
263,Fixed,11,1958,547.3500000000004,68538.54532669742,26,15,451,4450,479,13350,9.493333333333334,0.021096296296296297,0.3425184729064039,-64909.9907635468
264,Quadratic,10,2036.1078964166798,488.39356140986484,68538.54532669742,21,11,418,5075,444,15225,11.683453237410072,0.028017873471007367,0.4539355992844365,-73859.40742397138
265,Fixed,10,490,154.35000000000002,68538.54532669742,26,16,486,1225,515,3675,2.424742268041237,0.004999468593899458,0.0845673259466363,-18667.349245797523
266,Quadratic,9,523.2526721763084,144.28242975206612,68538.54532669742,21,12,331,1450,353,4350,4.218181818181818,0.01278236914600551,0.19328179152226074,-19598.387096774193
267,Fixed,13,637,135.97499999999997,68538.54532669742,25,12,566,1225,599,3675,2.0814159292035397,0.003683921998590336,0.06383699418953073,-19153.36447015295
268,Quadratic,10,730.6858232342654,175.490466310983,68538.54532669742,21,11,660,1825,698,5475,2.6585735963581185,0.004034254319208071,0.0708352740257724,-28937.413639186463
269,Fixed,14,588,126.00000000000009,68538.54532669742,27,13,574,1050,608,3150,1.7591623036649215,0.003070091280392533,0.052342971086739784,-16135.715353938187
270,Linear,2,323.5356600910472,470.88573596358117,68538.54532669742,15,13,660,5175,698,15525,7.538694992412746,0.011439597864055762,0.20086166744294365,-82055.40579878901
271,Quadratic,1,217.4928653061225,448.5024514285715,68538.54532669742,14,13,351,5525,374,16575,15.154285714285715,0.04329795918367347,0.6645017740092609,-75876.46731613447
272,Linear,11,3153.5031055900613,941.3972049689442,68538.54532669742,23,12,323,5550,344,16650,16.546583850931675,0.05138690636935304,0.7948442534908701,-76862.63157894737
273,Fixed,4,636,381.6000000000002,68538.54532669742,18,14,187,3975,201,11925,20.516129032258064,0.11030176899063475,1.4711324944485566,-46920.299777942266
274,Quadratic,2,267.14399355012125,365.111255038968,68538.54532669742,19,17,306,3375,326,10125,10.62295081967213,0.03482934694974469,0.5357142857142857,-46459.82142857143
275,Linear,2,33.29006085192697,43.616227180527375,68538.54532669742,13,11,494,550,524,1650,1.0709939148073022,0.002172401449913392,0.03608923884514436,-8221.453412073492
276,Fixed,13,2756,556.4999999999997,68538.54532669742,24,11,630,5300,666,15900,8.089030206677265,0.012860143412841439,0.2275459385196634,-84726.50266185815
277,Fixed,5,340,198.89999999999986,68538.54532669742,22,17,312,1700,333,5100,5.247588424437299,0.016873274676647263,0.25179589720802786,-22653.950973857663
278,Fixed,1,78,216.44999999999987,68538.54532669742,19,18,481,1950,510,5850,3.9,0.008125,0.13597852236672361,-29379.451553293122
279,Linear,9,1425.409288824383,535.7445936139333,68538.54532669742,25,16,690,3675,730,11025,5.120464441219158,0.007431733586675121,0.1295839210155148,-57841.208568406204
280,Linear,11,446.46341463414626,113.14939024390239,68538.54532669742,24,13,575,875,609,2625,1.4634146341463414,0.002549502846944846,0.04354533691649248,-13472.143425898277
281,Quadratic,1,164.801334054444,312.3182125473229,68538.54532669742,12,11,130,4475,142,13425,33.30232558139535,0.25815756264647555,2.7623456790123457,-41493.194444444445
282,Fixed,12,1020,267.75,68538.54532669742,27,15,418,2125,444,6375,4.892086330935252,0.011731621896727223,0.19007155635062611,-30926.352862254025
283,Linear,8,449.46107784431143,222.82275449101797,68538.54532669742,27,19,669,1350,707,4050,1.9401197604790419,0.0029043708989207216,0.051712250057458053,-21725.24706963916
284,Fixed,1,177,464.6249999999997,68538.54532669742,18,17,282,4425,301,13275,15.117437722419929,0.05379871075594281,0.8017030528127548,-58878.27475314793
285,Fixed,4,352,330.0000000000001,68538.54532669742,27,23,122,2200,133,6600,17.454545454545453,0.14425244177310292,1.5810276679841897,-20947.82608695652
286,Quadratic,10,290.4752017646748,61.21664886819209,68538.54532669742,19,9,479,725,508,2175,1.4560669456066946,0.003046165158173001,0.050761421319796954,-10873.172588832487
287,Quadratic,4,723.5618524975866,353.1008926347597,68538.54532669742,15,11,698,4525,738,13575,6.232424677187948,0.008941785763540815,0.15777545327754533,-72123.73518131101
288,Quadratic,5,379.6815869867092,211.06011108906964,68538.54532669742,21,16,711,1900,752,5700,2.5690140845070424,0.003618329696488792,0.06343800604330478,-30079.09884642994
289,Linear,5,355.10169491525426,186.79957627118645,68538.54532669742,18,13,532,1825,564,5475,3.2994350282485874,0.006213625288603743,0.10426188299817185,-27572.784792047532
290,Fixed,7,581,267.6749999999999,68538.54532669742,25,18,284,2075,303,6225,7.03886925795053,0.0248723295333941,0.3733693207377418,-27827.775528565006
291,Linear,10,2091.2287769784175,444.55338129496397,68538.54532669742,19,9,696,4650,736,13950,6.423021582733813,0.009241757672998292,0.16258741258741258,-73883.78496503497
292,Fixed,7,1414,621.1499999999995,68538.54532669742,24,17,133,5050,145,15150,36.72727272727273,0.27823691460055094,3.0495169082125604,-48084.782608695656
293,Fixed,17,1054,190.65000000000015,68538.54532669742,29,12,469,1550,497,4650,3.1794871794871793,0.006793776024545255,0.11484884410195613,-23604.65323058684
294,Fixed,6,1260,409.5,68538.54532669742,16,10,621,5250,657,15750,8.129032258064516,0.013111342351716961,0.22857889237199583,-82615.7262277952
295,Fixed,4,936,912.5999999999992,68538.54532669742,28,24,228,5850,244,17550,24.740088105726873,0.10898717227192455,1.5558510638297873,-74321.4494680851
296,Linear,5,295.51401869158883,145.38785046728975,68538.54532669742,16,11,322,1500,343,4500,4.485981308411215,0.013975019652371386,0.21547080370609784,-20702.327084680026
297,Linear,13,4133.192,1188.663,68538.54532669742,25,12,126,4025,137,12075,30.912,0.247296,2.8039010797631487,-39785.9543712992
298,Linear,4,392.37209302325573,408.6285412262154,68538.54532669742,21,17,474,2850,503,8550,5.784355179704017,0.01222908071819031,0.20159151193633953,-42251.867374005305
299,Linear,13,2112.3893805309726,826.8769911504424,68538.54532669742,34,21,340,3100,362,9300,8.778761061946902,0.025896050330226853,0.4025974025974026,-43166.896103896106
300,Quadratic,16,4243.9401360544225,1082.3236734693878,68538.54532669742,34,18,106,5875,116,17625,53.714285714285715,0.5115646258503401,5.340909090909091,-53008.52272727273
301,Quadratic,5,324.4231952662724,207.2661656804734,68538.54532669742,23,18,261,1650,279,4950,6.092307692307692,0.023431952662721894,0.34076827757125155,-21385.935563816605
302,Fixed,0,0,280.50000000000006,68538.54532669742,10,10,651,4675,689,14025,6.904615384615385,0.010622485207100591,0.18389583825033434,-73020.99166076626
303,Linear,6,149.84178498985804,53.8977687626775,68538.54532669742,16,10,494,600,524,1800,1.1683569979716024,0.002369892490814609,0.03937007874015748,-8968.858267716536
304,Fixed,2,160,240.0,68538.54532669742,21,19,331,2000,353,6000,5.818181818181818,0.017630853994490357,0.26659557451346305,-27032.258064516125
305,Quadratic,15,1406.4214876033056,235.0561983471074,68538.54532669742,24,9,265,2300,283,6900,8.363636363636363,0.03168044077134986,0.46805046805046807,-30321.24542124542
306,Quadratic,2,49.87304085708556,75.03775363986665,68538.54532669742,21,19,735,625,777,1875,0.8174386920980926,0.0011136766922317338,0.019709870703248186,-9993.81110059918
307,Quadratic,14,659.6006377551021,177.7037927295918,68538.54532669742,32,18,561,1175,594,3525,2.0142857142857142,0.0035969387755102043,0.06176246419091172,-18193.708770269914
308,Fixed,3,615,415.125,68538.54532669742,15,12,274,5125,293,15375,18.021978021978022,0.066014571509077,0.9548206800186306,-66036.83046110852
309,Linear,8,556.3973509933772,356.1685430463574,68538.54532669742,27,19,152,1475,165,4425,9.37748344370861,0.06210253936230867,0.7203907203907204,-14950.628815628814
310,Fixed,1,164,405.9000000000002,68538.54532669742,17,16,378,4100,402,12300,10.440318302387269,0.027693151995722195,0.43916023993144815,-58317.4057412168
311,Quadratic,8,343.94137751479286,129.21104094674556,68538.54532669742,24,16,651,1075,689,3225,1.5876923076923077,0.002442603550295858,0.04228620879553143,-16790.92321611203
312,Fixed,6,600,360.0,68538.54532669742,27,21,522,2500,553,7500,4.606525911708253,0.008841700406349814,0.15031716922706911,-38302.242732164865
313,Linear,4,828.8557213930349,962.1238805970154,68538.54532669742,23,19,604,5950,639,17850,9.472636815920398,0.015709182115954224,0.273972602739726,-93668.90410958904
314,Quadratic,10,200.2075966484837,54.12916312601081,68538.54532669742,23,13,574,500,608,1500,0.837696335078534,0.001461948228758349,0.024925224327018942,-7683.673978065803
315,Fixed,14,2184,491.3999999999997,68538.54532669742,28,14,520,3900,551,11700,7.213872832369942,0.013899562297437268,0.23537222004284983,-59500.09656296207
316,Fixed,0,0,624.75,68538.54532669742,17,17,529,6125,560,18375,11.136363636363637,0.021091597796143252,0.36353384574294445,-95222.41965160103
317,Fixed,10,610,219.59999999999982,68538.54532669742,29,19,362,1525,385,4575,4.055401662049862,0.011233799617866653,0.17799824919754886,-21671.909833673766
318,Quadratic,7,937.3610625352842,352.44887739024216,68538.54532669742,21,14,714,3350,755,10050,4.510518934081347,0.006326113512035549,0.11139375197432956,-53279.13029743794
319,Quadratic,16,2954.671564497042,527.472124970414,68538.54532669742,27,11,651,4600,689,13800,6.793846153846154,0.01045207100591716,0.18094563763669264,-71849.53190150263
320,Quadratic,8,448.0171857850711,151.4204076935372,68538.54532669742,22,14,686,1400,725,4200,1.962043795620438,0.0028642975118546537,0.0509544867245364,-22509.119033320592
321,Linear,13,2887.4691358024684,549.5231481481484,68538.54532669742,21,8,244,3625,261,10875,14.320987654320987,0.0589341055733374,0.8478540521576424,-46439.933925856625
322,Quadratic,2,405.1112863317144,426.4827596656557,68538.54532669742,15,13,584,5075,618,15225,8.356775300171526,0.014334091423964882,0.24877450980392157,-79480.7193627451
323,Linear,4,265.6423841059601,348.47284768211915,68538.54532669742,17,13,152,2300,165,6900,14.62251655629139,0.0968378579886847,1.1233211233211233,-23312.84493284493
324,Fixed,2,498,597.6,68538.54532669742,17,15,414,6225,440,18675,14.469733656174334,0.035035674712286524,0.5620260021668473,-89639.21316359697
325,Fixed,3,36,35.09999999999997,68538.54532669742,21,18,591,300,626,900,0.488135593220339,0.0008273484630853203,0.014109347442680775,-4611.463844797177
326,Fixed,5,370,227.55000000000015,68538.54532669742,23,18,735,1850,777,5550,2.4196185286103544,0.003296483009005932,0.058341217281614635,-29581.680857773576
327,Fixed,7,1505,532.125,68538.54532669742,20,13,677,5375,716,16125,7.633136094674557,0.011291621441826266,0.19816033475271433,-85179.51713395638
328,Quadratic,16,1235.0432098765432,293.2393518518519,68538.54532669742,31,15,109,1725,119,5175,15.333333333333334,0.1419753086419753,1.5265486725663717,-16080.66371681416
329,Fixed,10,240,79.19999999999993,68538.54532669742,27,17,458,600,486,1800,1.2603938730853392,0.002757973464081705,0.04549590536851683,-8901.774340309372
330,Quadratic,13,3337.642694583523,831.7897701411014,68538.54532669742,28,15,170,6225,184,18675,35.36094674556213,0.20923637127551556,2.5263798701298703,-65930.93547077922
331,Fixed,10,2220,732.5999999999995,68538.54532669742,27,17,744,5550,786,16650,7.17092866756393,0.009651317183800714,0.17296185489902768,-89933.41903515333
332,Quadratic,18,3899.750147928996,619.372222633136,68538.54532669742,28,10,521,5375,552,16125,9.923076923076923,0.01908284023668639,0.32378542814975453,-82176.57977169362
333,Quadratic,4,395.4150437317786,223.09668554768845,68538.54532669742,17,13,736,2475,778,7425,3.23265306122449,0.004398167430237401,0.07794784580498866,-39634.375
334,Quadratic,1,22.905499180364387,53.49548596535252,68538.54532669742,16,15,654,575,692,1725,0.8453292496171516,0.0012945317758302475,0.022517230576441102,-9026.549772869674
335,Linear,1,2.7564469914040117,58.95257879656159,68538.54532669742,14,13,350,650,372,1950,1.7879656160458453,0.005123110647695832,0.08207070707070707,-9346.294191919193
336,Quadratic,5,1207.6513994389954,636.4919340308348,68538.54532669742,20,15,443,6050,470,18150,13.14027149321267,0.02972912102536803,0.4919299101516445,-90055.39496686588
337,Fixed,3,699,506.77500000000026,68538.54532669742,16,13,297,5825,317,17475,18.89189189189189,0.06382395909422936,0.951797385620915,-77567.67973856209
338,Quadratic,1,57.86249442544972,195.53597071502898,68538.54532669742,21,20,218,1575,234,4725,6.967741935483871,0.0321094098409395,0.4375,-19026.4375
339,Fixed,13,3120,594.0,68538.54532669742,23,10,346,6000,368,18000,16.695652173913043,0.04839319470699433,0.7660878447395302,-85183.60572012258
340,Quadratic,6,1156.1273721759806,638.0752116527946,68538.54532669742,25,19,581,4825,615,14475,7.9862068965517246,0.013769322235434008,0.2377081485860676,-75140.02118435314
341,Quadratic,8,176.00652664056008,56.20308828764684,68538.54532669742,21,13,637,550,674,1650,0.8301886792452831,0.0013053281120208853,0.02271178741766977,-8636.827163297752
342,Fixed,12,1092,204.74999999999991,68538.54532669742,21,9,636,2275,673,6825,3.4393700787401573,0.005416330832661665,0.09408796707955086,-35663.620525651895
343,Fixed,5,1045,485.92500000000024,68538.54532669742,18,13,424,5225,450,15675,11.858156028368795,0.028033465788105897,0.4609209597741708,-77247.1264114326
344,Linear,3,108.23219814241489,127.13289473684205,68538.54532669742,19,16,647,1075,684,3225,1.5975232198142415,0.00247294616070316,0.04372318142069835,-17171.38317776015
345,Linear,8,271.0340557275542,147.2164086687307,68538.54532669742,26,18,324,775,345,2325,2.303405572755418,0.007131286602957951,0.11065895623616763,-10769.938245163132
346,Fixed,12,2424,515.0999999999997,68538.54532669742,23,11,72,5050,81,15150,68.28169014084507,0.9617139456457052,7.431935246504783,-32414.385577630608
347,Linear,5,1199.6915351506454,618.343794835007,68538.54532669742,18,13,698,6125,738,18375,8.436154949784791,0.012103522166118784,0.2135634588563459,-97626.05038354255
348,Quadratic,7,817.1703884406077,344.0681506849314,68538.54532669742,23,16,439,2925,466,8775,6.410958904109589,0.014636892475136049,0.23994093761535623,-43106.229235880404
349,Quadratic,9,126.01742731056657,43.212509671033565,68538.54532669742,25,16,482,350,511,1050,0.6985446985446986,0.0014522758805503087,0.02435714534256585,-5285.293503601378
350,Fixed,0,0,266.39999999999986,68538.54532669742,16,16,297,2775,317,8325,9.0,0.030405405405405407,0.4534313725490196,-36952.8431372549
351,Fixed,7,1022,492.74999999999966,68538.54532669742,26,19,98,3650,108,10950,36.123711340206185,0.37240939525985756,3.5784313725490198,-30019.460784313727
352,Fixed,5,1160,539.3999999999997,68538.54532669742,18,13,314,5800,335,17400,17.789137380191693,0.05683430472904694,0.8537572679767425,-77841.74578641348
353,Quadratic,10,920.7949343350722,165.98785807117804,68538.54532669742,17,7,712,2300,753,6900,3.1054852320675104,0.004367771071824909,0.07668839504526283,-36467.59415167631
354,Linear,3,180.55555555555543,446.875,68538.54532669742,20,17,217,3125,233,9375,13.88888888888889,0.06430041152263374,0.8719308035714286,-37555.80357142857
355,Fixed,1,62,190.65000000000015,68538.54532669742,21,20,311,1550,332,4650,4.8,0.015483870967741935,0.2302949260827576,-20581.342396553006
356,Fixed,3,486,352.3499999999999,68538.54532669742,16,13,439,4050,466,12150,8.876712328767123,0.02026646650403453,0.33222591362126247,-59685.54817275748
357,Fixed,8,400,112.5,68538.54532669742,19,11,645,1250,682,3750,1.8633540372670807,0.0028934068901662743,0.05099439061703213,-19899.209586945435
358,Linear,10,2546.3432835820895,1070.2332089552242,68538.54532669742,30,20,537,5725,569,17175,10.253731343283581,0.019130095789708177,0.32410552536231885,-87389.22101449275
359,Quadratic,14,2775.293962647929,449.6655683709319,68538.54532669742,22,8,417,4925,443,14775,11.365384615384615,0.027320636094674555,0.4415456338533262,-71487.12121212122
360,Quadratic,11,1840.2604244377071,440.9527233694705,68538.54532669742,23,12,503,4175,533,12525,7.98406374501992,0.015904509452230917,0.26918117343649256,-63659.732430689866
361,Quadratic,16,3480.4023112066657,619.3403453372749,68538.54532669742,27,11,489,5400,518,16200,10.62295081967213,0.021768341843590434,0.3705609881626351,-82846.87596500257
362,Fixed,2,468,386.10000000000014,68538.54532669742,12,10,370,5850,394,17550,15.21951219512195,0.0412452905016855,0.639763779527559,-81260.87598425196
363,Linear,9,511.9024390243904,222.2121951219512,68538.54532669742,27,18,657,1325,695,3975,1.9390243902439024,0.0029558298631766804,0.05165692007797271,-20904.832358674463
364,Quadratic,5,964.4911438615467,420.03774590995124,68538.54532669742,17,12,689,4825,728,14475,6.732558139534884,0.009785694970254192,0.17486635861194166,-77946.94165081091
365,Quadratic,1,98.48906666666716,763.3452399999999,68538.54532669742,23,22,76,5425,85,16275,69.44,0.9258666666666666,7.582110412299092,-37224.371069182394
366,Linear,3,635.2808586762076,229.39722719141324,68538.54532669742,8,5,560,5450,593,16350,9.359570661896242,0.016743417999814388,0.2869704867967249,-84222.82468472738
367,Linear,2,4.25882352941187,603.0494117647061,68538.54532669742,17,15,171,4525,185,13575,25.55294117647059,0.1503114186851211,1.8260694108151736,-48248.40597255852
368,Fixed,5,420,182.70000000000005,68538.54532669742,17,12,707,2100,747,6300,2.855524079320113,0.004044651670425089,0.07231404958677685,-33943.92561983471
369,Linear,7,1372.0,797.5554744525547,68538.54532669742,28,21,686,4900,725,14700,6.867153284671533,0.01002504129149129,0.17834070353587742,-78781.91661662208
370,Quadratic,4,454.60415154594295,299.232515604587,68538.54532669742,19,15,167,2900,180,8700,16.771084337349397,0.10103062853824939,1.2931995540691192,-32735.40691192865
371,Linear,23,1128.4651162790697,117.06279069767442,68538.54532669742,28,5,345,700,367,2100,1.9534883720930232,0.005678745267712277,0.08962868117797695,-9906.29961587708
372,Fixed,6,834,354.4500000000002,68538.54532669742,20,14,193,3475,208,10425,17.375,0.09049479166666667,1.1612364243943192,-39332.81954887218
373,Quadratic,9,836.6402586159254,246.05295686050576,68538.54532669742,22,13,467,2325,495,6975,4.789699570815451,0.010278325259260623,0.17299107142857142,-35241.049107142855
374,Linear,5,249.11764705882365,231.72794117647067,68538.54532669742,28,23,664,1375,702,4125,1.990950226244344,0.0030029415177139423,0.05305602716468591,-21946.78480475382
375,Linear,7,1332.4087193460496,633.9077656675748,68538.54532669742,23,16,735,4650,777,13950,6.081743869209809,0.0082857545902041,0.1466414380321665,-74353.9545884579
376,Quadratic,8,1600.8184016368032,421.05741211482416,68538.54532669742,18,10,509,5000,539,15000,9.448818897637794,0.0186000372000744,0.3186743148502231,-77238.36838750797
377,Fixed,5,55,38.775000000000006,68538.54532669742,26,21,553,275,586,825,0.4782608695652174,0.0008664146187775677,0.01465845793022574,-4191.490765171504
378,Quadratic,3,723.3794875130073,853.7210636706552,68538.54532669742,25,22,497,6050,527,18150,11.709677419354838,0.023608220603537983,0.39465101108936723,-91040.46314416177
379,Fixed,8,936,280.80000000000007,68538.54532669742,20,12,511,2925,542,8775,5.5058823529411764,0.010795847750865051,0.17955249992326816,-43776.60523004205
380,Fixed,10,1760,475.1999999999997,68538.54532669742,23,13,52,4400,60,13200,82.82352941176471,1.6239907727797,10.0,-21610.0
381,Fixed,2,392,499.7999999999997,68538.54532669742,18,16,539,4900,571,14700,8.743494423791821,0.016251848371360265,0.276398916967509,-75102.00812274367
382,Fixed,6,606,257.54999999999984,68538.54532669742,20,14,426,2525,452,7575,5.7035294117647055,0.013420069204152249,0.22172462240955393,-37524.00992272568
383,Quadratic,14,1771.651536205674,342.9677237111177,68538.54532669742,25,11,492,3150,522,9450,6.158859470468432,0.012543501976514118,0.2075098814229249,-46876.68972332016
384,Fixed,7,1512,664.2000000000002,68538.54532669742,24,17,655,5400,693,16200,7.926605504587156,0.012120191903038464,0.21115195120043795,-84913.06795964652
385,Linear,2,245.59681697612746,685.645225464191,68538.54532669742,18,16,378,5875,402,17625,14.960212201591512,0.0396822604816751,0.6292844901456727,-83564.57529991432
386,Linear,9,2611.2475247524753,643.0277227722772,68538.54532669742,19,10,203,5400,218,16200,25.663366336633665,0.12704636800313696,1.7183770883054892,-64716.658711217184
387,Fixed,6,750,281.25,68538.54532669742,18,12,637,3125,674,9375,4.716981132075472,0.007416637000118667,0.12904424669130551,-49072.88160964631
388,Linear,10,2621.340206185567,941.2113402061857,68538.54532669742,27,17,583,5875,617,17625,9.690721649484535,0.016650724483650407,0.28847098104684277,-91837.04458411077
389,Linear,6,1011.3644859813083,537.5214953271029,68538.54532669742,20,14,429,4175,455,12525,9.36448598130841,0.02187964014324395,0.36412000697714986,-62525.95935810222
390,Linear,18,4332.220028208745,485.4456981664315,68538.54532669742,22,4,710,4700,750,14100,6.363892806770099,0.008975871377672917,0.16117969821673525,-76321.97187928669
391,Linear,21,871.43661971831,143.2394366197183,68538.54532669742,33,12,143,400,155,1200,2.704225352112676,0.01904384050783575,0.22522522522522523,-4141.441441441441
392,Linear,13,2380.6352583586618,762.8172492401218,68538.54532669742,31,18,330,3425,352,10275,9.993920972644377,0.030376659491320294,0.45788770053475936,-46137.22259358289
393,Quadratic,1,79.72105263157891,188.69555817174515,68538.54532669742,16,15,381,2025,405,6075,5.11578947368421,0.013462603878116344,0.2152423469387755,-29055.994897959183
394,Linear,11,1039.9253731343283,487.86380597014926,68538.54532669742,34,23,269,1875,287,5625,6.7164179104477615,0.025061260859879708,0.3760529482551143,-25134.62695547533
395,Quadratic,9,1909.7749869178435,595.6832628909551,68538.54532669742,23,14,274,5300,293,15900,18.63736263736264,0.06826872760938694,0.9874243129948765,-68291.74662319515
396,Linear,2,161.62162162162105,846.6486486486485,68538.54532669742,21,19,334,5750,356,17250,16.576576576576578,0.0497795092389687,0.7597780126849895,-78501.0240486258
397,Quadratic,6,1216.836734693877,911.1926020408164,68538.54532669742,21,15,57,6250,65,18750,107.14285714285714,1.913265306122449,13.020833333333334,-34583.333333333336
398,Fixed,7,1001,353.9250000000001,68538.54532669742,20,13,246,3575,263,10725,14.008163265306122,0.057176176593086214,0.8295625942684767,-46219.49472096531
399,Linear,10,3791.160305343512,1183.8709923664123,68538.54532669742,23,13,132,5975,144,17925,43.786259541984734,0.334246256045685,3.6344282238442824,-56395.42274939173
400,Fixed,17,3655,596.625,68538.54532669742,27,10,173,5375,187,16125,30.0,0.1744186046511628,2.144852354349561,-58078.31205107741
401,Fixed,7,637,266.17499999999984,68538.54532669742,23,16,541,2275,573,6825,4.044444444444444,0.007489711934156379,0.12786645683453238,-35010.85881294964
402,Quadratic,4,811.3835294117649,461.0805882352939,68538.54532669742,17,13,341,5100,363,15300,14.4,0.042352941176470586,0.6604506604506605,-71248.09634809635
403,Quadratic,7,1204.0731833795016,426.3147403878117,68538.54532669742,20,13,476,4300,505,12900,8.690526315789473,0.01829584487534626,0.30291289493149237,-64044.72191891796
404,Fixed,12,2940,735.0,68538.54532669742,26,14,739,6125,781,18375,7.967479674796748,0.010796042919778792,0.19213877909530083,-98522.23320158102
405,Quadratic,8,631.933055575171,263.0648118070757,68538.54532669742,26,18,239,1975,256,5925,7.966386554621849,0.03347221241437751,0.47130414031738455,-24721.55172413793
406,Linear,3,121.11111111111126,866.5499999999998,68538.54532669742,17,14,109,5450,119,16350,48.44444444444444,0.448559670781893,4.823008849557522,-50805.575221238934
407,Fixed,2,500,675.0,68538.54532669742,19,17,179,6250,193,18750,33.70786516853933,0.18937002903673777,2.413127413127413,-70207.52895752895
408,Fixed,3,117,125.77499999999992,68538.54532669742,23,20,589,975,623,2925,1.5918367346938775,0.0027072053311120365,0.047399124939231894,-15412.963052989791
409,Linear,3,337.57097791798077,579.6752365930598,68538.54532669742,20,17,318,4350,339,13050,13.173501577287066,0.041556787310053835,0.6324972737186477,-59209.01853871319
410,Linear,10,1234.4963503649635,318.47299270072983,68538.54532669742,21,11,412,2575,438,7725,6.014598540145985,0.014634059708384392,0.23358127721335267,-36881.78292815675
411,Quadratic,2,316.9481481481482,698.862222222222,68538.54532669742,25,23,91,4750,101,14250,50.666666666666664,0.562962962962963,5.0,-35750.0
412,Fixed,5,780,479.6999999999997,68538.54532669742,23,18,94,3900,104,11700,40.25806451612903,0.4328824141519251,3.979591836734694,-30519.489795918373
413,Quadratic,15,1234.0886938129374,166.55478640140063,68538.54532669742,21,6,674,2050,713,6150,2.9242199108469538,0.004345051873472443,0.07590484124780153,-32329.503841525497
414,Fixed,12,2340,438.75,68538.54532669742,21,9,643,4875,680,14625,7.289719626168225,0.011354703467551752,0.19948032817071423,-77343.60998015426
415,Fixed,8,696,378.44999999999976,68538.54532669742,33,25,156,2175,169,6525,13.470967741935484,0.08690946930280957,1.035960943081686,-22713.961657537508
416,Linear,14,1238.7027027027027,302.6918918918918,68538.54532669742,27,13,445,1700,472,5100,3.675675675675676,0.008278548819089359,0.1376239627605748,-25430.63752276867
417,Quadratic,8,1160.1250637897201,348.4314700745352,68538.54532669742,20,12,747,3625,789,10875,4.664879356568365,0.006253189486016574,0.11252871422362948,-58999.02992487738
418,Quadratic,5,846.1824865680085,618.9719813366013,68538.54532669742,24,19,104,4550,114,13650,42.407766990291265,0.41172589310962393,4.212962962962963,-40145.32407407407
419,Fixed,7,1624,852.5999999999993,68538.54532669742,28,21,263,5800,281,17400,21.251908396946565,0.08111415418681894,1.1890118901189013,-75818.53218532186
420,Fixed,7,1232,382.7999999999998,68538.54532669742,18,11,399,4400,424,13200,10.613065326633166,0.026665993282997905,0.4287454323995128,-63514.99147381242
421,Fixed,8,1728,615.6,68538.54532669742,23,15,116,5400,127,16200,45.07826086956522,0.3919848771266541,4.073934364390796,-48477.78196906828
422,Fixed,11,1584,334.8000000000002,68538.54532669742,21,10,418,3600,444,10800,8.287769784172662,0.019874747683867294,0.3220035778175313,-52392.8801431127
423,Quadratic,7,510.2288284098365,192.57332279979062,68538.54532669742,21,14,348,1825,370,5475,5.0489913544668585,0.014550407361575961,0.23171660741493144,-26075.76498222448
424,Fixed,10,210,72.45000000000006,68538.54532669742,28,18,509,525,539,1575,0.9921259842519685,0.001953003906007812,0.033460803059273424,-8110.028680688336
425,Quadratic,9,2070.749086033616,639.7039759912498,68538.54532669742,23,14,608,5750,643,17250,9.093904448105437,0.014981720672331856,0.2630675969346906,-91176.99302298982
426,Fixed,4,452,322.05000000000007,68538.54532669742,21,17,455,2825,483,8475,5.973568281938326,0.013157639387529353,0.2155830280830281,-41610.11141636142
427,Fixed,3,561,575.0249999999996,68538.54532669742,22,19,134,4675,146,14025,33.744360902255636,0.25371699926508,2.802757793764988,-44902.98261390888
428,Linear,8,1152.4776119402986,520.889552238806,68538.54532669742,24,16,269,3175,287,9525,11.373134328358208,0.0424370683893963,0.6367829923786602,-42561.30164460489
429,Linear,4,71.27645051194534,96.77662116040953,68538.54532669742,21,17,294,575,314,1725,1.8839590443686007,0.00642989434938089,0.09488448844884488,-7570.738448844884
430,Linear,1,43.58248175182493,377.06167883211697,68538.54532669742,19,18,686,2950,725,8850,4.134306569343066,0.006035484042836593,0.10736838274098742,-47429.929391639824
431,Linear,3,197.3418013856813,299.08631639722876,68538.54532669742,21,18,434,2275,461,6825,5.043879907621247,0.011648683389425513,0.18871054705321222,-33106.15175645971
432,Quadratic,10,2463.3333333333335,1228.1944444444441,68538.54532669742,30,20,64,6125,72,18375,93.33333333333333,1.4814814814814814,11.427238805970148,-39229.71082089552
433,Linear,10,1113.9701492537313,362.60149253731333,68538.54532669742,24,14,403,2350,428,7050,5.611940298507463,0.013960050493799659,0.22677925211097708,-34298.43425814234
434,Fixed,9,387,112.87499999999993,68538.54532669742,22,13,601,1075,636,3225,1.72,0.0028666666666666667,0.04973973395026027,-16831.304222093695
435,Linear,4,236.8372093023256,199.5976744186047,68538.54532669742,20,16,517,1675,548,5025,3.116279069767442,0.0060393005228051196,0.10165993991442357,-25392.568961854762
436,Quadratic,7,1497.0510065501987,660.3418191812715,68538.54532669742,24,17,330,5350,352,16050,15.610942249240122,0.047449672490091556,0.7152406417112299,-72068.36229946524
437,Quadratic,16,2332.4359669421488,372.3289388429753,68538.54532669742,25,9,551,3625,584,10875,6.327272727272727,0.011504132231404958,0.19390729893819036,-55031.957928802585
438,Linear,9,2382.505263157895,903.2100000000002,68538.54532669742,25,16,476,5950,505,17850,12.025263157894736,0.025316343490304708,0.41914691275404176,-88620.02219013066
439,Quadratic,6,491.5710580422985,172.67827028283716,68538.54532669742,17,11,372,2050,396,6150,5.304582210242588,0.014298065256718565,0.2230200174064404,-28646.698215839864
440,Linear,10,745.4754098360656,270.2213114754099,68538.54532669742,23,13,62,825,70,2475,12.98360655737705,0.21284600913732868,1.5865384615384615,-5078.509615384615
441,Quadratic,8,1759.0517241379314,694.4166914387631,68538.54532669742,25,17,697,5500,737,16500,7.586206896551724,0.010899722552516845,0.1920391061452514,-87526.81564245811
442,Quadratic,3,412.77656804733726,464.05940236686405,68538.54532669742,19,16,66,4175,74,12525,61.66153846153846,0.9486390532544379,7.563405797101449,-27780.389492753624
443,Linear,11,254.62857142857143,67.64571428571428,68538.54532669742,23,12,211,400,227,1200,1.8285714285714285,0.008707482993197279,0.11467889908256881,-4657.339449541285
444,Fixed,2,284,468.5999999999996,68538.54532669742,23,21,493,3550,523,10650,6.926829268292683,0.014078921277017648,0.23339907955292571,-52947.51479289941
445,Quadratic,6,927.3781607367454,443.87066460408573,68538.54532669742,22,16,527,3875,558,11625,7.072243346007604,0.013445329555147538,0.23084025854108955,-59992.95937211449
446,Linear,16,2509.706293706294,468.79195804195797,68538.54532669742,25,9,430,2825,456,8475,6.321678321678322,0.014735846903679071,0.24582318134354333,-42416.544117647056
447,Fixed,3,174,152.24999999999991,68538.54532669742,19,16,698,1450,738,4350,1.9971305595408895,0.0028653236148362834,0.050557880055788006,-23111.473152022314
448,Quadratic,9,336.31452118606103,87.18441951088415,68538.54532669742,20,11,184,925,198,2775,4.852459016393443,0.02651616948848876,0.34774436090225563,-10720.61090225564
449,Linear,6,1273.9999999999998,2148.65,68538.54532669742,24,18,91,6125,101,18375,65.33333333333333,0.725925925925926,6.447368421052632,-46098.68421052632
450,Quadratic,12,2513.5158997381222,565.7308641975309,68538.54532669742,24,12,595,5225,630,15675,8.444444444444445,0.01421623643845866,0.24413035860296695,-80912.97920803644
451,Quadratic,6,940.8879596756519,354.16082708744244,68538.54532669742,18,12,586,3925,620,11775,6.441025641025641,0.011010300241069472,0.19176275161227282,-61701.007670510066
452,Linear,14,3216.3157894736837,1067.849999999999,68538.54532669742,32,18,153,3150,166,9450,19.894736842105264,0.13088642659279778,1.528755156515409,-32170.359136132007
453,Quadratic,3,457.49891429643765,477.0489571884299,68538.54532669742,22,19,512,3850,543,11550,7.232876712328767,0.014154357558373321,0.23588518212174125,-57744.574640811195
454,Quadratic,4,910.5381549867648,787.0811403111749,68538.54532669742,25,21,674,5700,713,17100,8.13075780089153,0.012081363745752645,0.21105248542071647,-89891.7911691197
455,Linear,14,3792.1237113402053,636.494845360825,68538.54532669742,23,9,486,5250,515,15750,10.391752577319588,0.02142629397385482,0.36243139691415555,-80002.92533913224
456,Quadratic,5,609.398722754408,357.08564139941683,68538.54532669742,22,17,589,3050,623,9150,4.979591836734694,0.008468693599888935,0.1482741857073408,-48214.91006319884
457,Quadratic,8,1319.244006550511,545.791685682837,68538.54532669742,26,18,580,4125,614,12375,6.839378238341969,0.011812397648259013,0.20356296881168576,-64117.65322739835
458,Quadratic,16,1447.4362596914407,203.98336126556495,68538.54532669742,23,7,566,2250,599,6750,3.8230088495575223,0.006766387344349597,0.11725162198077073,-35179.64902681154
459,Linear,2,34.305084745762656,260.56271186440677,68538.54532669742,15,13,178,2300,192,6900,12.474576271186441,0.07047783204060136,0.8928571428571429,-25672.32142857143
460,Linear,8,2126.6891566265062,902.2912048192771,68538.54532669742,23,15,416,6075,442,18225,14.053012048192771,0.03386267963419945,0.5459202012940331,-87946.10666786485
461,Fixed,8,528,237.5999999999998,68538.54532669742,28,20,478,1650,507,4950,3.3207547169811322,0.006961749930778055,0.11576104114778826,-24688.993931315115
462,Quadratic,6,1457.4266706257174,547.3423428484299,68538.54532669742,18,12,707,6075,747,18225,8.260623229461757,0.011700599475158295,0.20919421487603307,-98194.92768595042
463,Linear,13,3611.917293233084,892.9765037593985,68538.54532669742,25,12,134,3625,146,10875,26.165413533834588,0.19673243258522247,2.17326139088729,-34817.820743405275
464,Fixed,16,944,168.15000000000006,68538.54532669742,27,11,271,1475,290,4425,5.2444444444444445,0.019423868312757202,0.277751624140853,-18773.093399868187
465,Fixed,10,1180,371.7000000000002,68538.54532669742,26,16,351,2950,374,8850,8.09142857142857,0.023118367346938777,0.35480185218594024,-40513.22689277768
466,Quadratic,4,94.29000000000002,58.1805,68538.54532669742,18,14,161,600,174,1800,3.6,0.0225,0.2772002772002772,-6496.327096327096
467,Linear,9,1082.6129032258063,367.56145161290317,68538.54532669742,20,11,311,2475,332,7425,7.664516129032258,0.024724245577523413,0.3677289948740807,-32863.75640739915
468,Linear,5,648.3076923076924,1077.6230769230774,68538.54532669742,26,21,157,4900,170,14700,30.153846153846153,0.1932938856015779,2.3195266272189348,-51548.0
469,Fixed,8,1384,441.15000000000026,68538.54532669742,21,13,720,4325,761,12975,5.774687065368568,0.008031553637508439,0.14264747109945744,-69418.17930704662
470,Linear,12,1999.6433121019106,638.3570063694267,68538.54532669742,29,17,315,3175,336,9525,9.707006369426752,0.030914033023652074,0.465918262528432,-42762.67701225328
471,Quadratic,9,1505.3514850489648,584.5739709223993,68538.54532669742,27,18,224,4200,240,12600,18.080717488789237,0.08107945062237326,1.1363636363636365,-52310.22727272728
472,Quadratic,10,780.0924444444444,259.4619733333333,68538.54532669742,27,17,451,1950,479,5850,4.16,0.009244444444444444,0.1500923645320197,-28443.703817733993
473,Fixed,11,2684,567.3000000000001,68538.54532669742,21,10,690,6100,730,18300,8.499274310595066,0.012335666633664826,0.2150916784203103,-96008.53667136813
474,Fixed,6,390,136.5,68538.54532669742,17,11,750,1625,792,4875,2.082777036048064,0.0027807437063392046,0.050247371675943106,-26563.82575757576
475,Quadratic,10,355.6923076923076,151.86834319526625,68538.54532669742,23,13,53,850,61,2550,15.692307692307692,0.30177514792899407,1.8973214285714286,-4280.357142857143
476,Fixed,9,405,131.625,68538.54532669742,24,15,168,1125,181,3375,6.467065868263473,0.03872494531894295,0.4987807581467524,-12785.496563954777
477,Linear,2,25.66956521739128,39.39652173913044,68538.54532669742,14,12,461,450,489,1350,0.9391304347826087,0.002041587901701323,0.033905967450271246,-6724.502712477396
478,Quadratic,10,100.2549796311801,28.661979610072528,68538.54532669742,24,14,378,250,402,750,0.636604774535809,0.001688606829007451,0.026778063410454155,-3555.9393744644385
479,Fixed,5,1000,345.0,68538.54532669742,14,9,256,5000,274,15000,18.823529411764707,0.07381776239907728,1.0521885521885521,-63418.56060606061
480,Linear,5,640.7142857142858,1218.6505102040815,68538.54532669742,22,17,99,4875,109,14625,47.755102040816325,0.4872969596001666,4.733009708737864,-40580.82524271845
481,Quadratic,4,183.6154775510204,124.33398204081631,68538.54532669742,20,16,526,1150,557,3450,2.1028571428571428,0.004005442176870749,0.06863417982155114,-17767.29581331503
482,Linear,15,240.9956331877729,37.28515283842795,68538.54532669742,23,8,459,300,487,900,0.62882096069869,0.0013729715299098035,0.022699757869249396,-4461.592009685231
483,Linear,10,1354.7741935483868,356.8258064516128,68538.54532669742,21,11,683,3025,722,9075,4.258064516129032,0.006243496357960458,0.11056892739002504,-48403.26178335801
484,Quadratic,1,139.81341265548957,326.30516495402907,68538.54532669742,15,14,173,3725,187,11175,20.790697674418606,0.12087614926987561,1.4864325618515564,-40249.62090981644
485,Linear,5,907.2340425531917,707.3106382978722,68538.54532669742,20,15,189,5200,203,15600,26.5531914893617,0.14124038026256225,1.9047619047619047,-62121.90476190476
486,Linear,12,2753.651612903226,734.5829032258066,68538.54532669742,25,13,311,4275,332,12825,13.238709677419354,0.04270551508844953,0.6351682638734121,-56764.6701582349
487,Quadratic,9,1117.1855500226343,460.8571425984607,68538.54532669742,29,20,236,3100,253,9300,12.663829787234043,0.05388863739248529,0.7488827153037807,-38257.047952651286
488,Fixed,8,1384,519.0000000000003,68538.54532669742,24,16,165,4325,178,12975,25.317073170731707,0.1543723973825104,1.9512745319196931,-48156.479810512064
489,Linear,14,1208.2051282051284,269.6923076923077,68538.54532669742,26,12,118,1000,129,3000,8.205128205128204,0.07012930089853167,0.7421150278293135,-9158.812615955472
490,Fixed,19,3477,535.2750000000003,68538.54532669742,29,10,224,4575,240,13725,19.69506726457399,0.08831868728508516,1.2378246753246753,-56980.78327922078
491,Quadratic,10,564.9910731997619,94.02479666732793,68538.54532669742,16,6,143,1375,155,4125,9.295774647887324,0.06546320174568537,0.7742117117117117,-14236.204954954954
492,Linear,6,1176.1884816753923,689.4109947643979,68538.54532669742,20,14,383,4850,407,14550,12.188481675392671,0.03190702009265097,0.512901861252115,-69994.69120135363
493,Fixed,3,486,328.04999999999995,68538.54532669742,15,12,397,4050,422,12150,9.818181818181818,0.024793388429752067,0.39657282741738065,-58138.96450428396
494,Fixed,1,40,171.0,68538.54532669742,29,28,488,1000,517,3000,1.9712525667351128,0.004047746543603928,0.06875923952281088,-15307.560078385533
495,Fixed,3,639,527.1750000000003,68538.54532669742,18,15,60,5325,68,15975,86.64406779661017,1.4685435219764436,10.56547619047619,-31453.42261904762
496,Linear,4,575.2748201438844,566.1025899280575,68538.54532669742,23,19,696,4050,736,12150,5.594244604316547,0.008049272811966254,0.14160839160839161,-64350.393356643355
497,Quadratic,3,635.1846628984324,461.25843482314554,68538.54532669742,16,13,525,5300,556,15900,9.709923664122137,0.01853038867198881,0.31690035576549375,-81713.2320846662
498,Linear,6,968.90625,453.15000000000003,68538.54532669742,19,13,513,3975,544,11925,7.453125,0.014556884765625,0.24308209753860266,-59747.513377159456
499,Fixed,4,916,515.2500000000002,68538.54532669742,17,13,69,5725,77,17175,80.82352941176471,1.1885813148788926,9.93923611111111,-40234.027777777774
500,Quadratic,14,1974.5692781065088,434.3529656804734,68538.54532669742,27,13,326,3500,347,10500,10.338461538461539,0.03181065088757396,0.49677098857426727,-48971.43566815698
